[
  {
    "name": "Process Start",
    "start": 1636848933788,
    "end": 1636848934205,
    "duration": 417,
    "pid": 749,
    "index": 0
  },
  {
    "name": "Application Start",
    "start": 1636848934205,
    "end": 1636848934526,
    "duration": 321,
    "pid": 749,
    "index": 1
  },
  {
    "name": "Load Plugin",
    "start": 1636848934210,
    "end": 1636848934215,
    "duration": 5,
    "pid": 749,
    "index": 2
  },
  {
    "name": "Load Config",
    "start": 1636848934215,
    "end": 1636848934227,
    "duration": 12,
    "pid": 749,
    "index": 3
  },
  {
    "name": "Require(0) config/config.default.js",
    "start": 1636848934215,
    "end": 1636848934216,
    "duration": 1,
    "pid": 749,
    "index": 4
  },
  {
    "name": "Require(1) config/config.local.js",
    "start": 1636848934218,
    "end": 1636848934218,
    "duration": 0,
    "pid": 749,
    "index": 5
  },
  {
    "name": "Require(2) node_modules/egg-session/config/config.default.js",
    "start": 1636848934218,
    "end": 1636848934219,
    "duration": 1,
    "pid": 749,
    "index": 6
  },
  {
    "name": "Require(3) node_modules/egg-security/config/config.default.js",
    "start": 1636848934219,
    "end": 1636848934219,
    "duration": 0,
    "pid": 749,
    "index": 7
  },
  {
    "name": "Require(4) node_modules/egg-jsonp/config/config.default.js",
    "start": 1636848934220,
    "end": 1636848934221,
    "duration": 1,
    "pid": 749,
    "index": 8
  },
  {
    "name": "Require(5) node_modules/egg-onerror/config/config.default.js",
    "start": 1636848934221,
    "end": 1636848934221,
    "duration": 0,
    "pid": 749,
    "index": 9
  },
  {
    "name": "Require(6) node_modules/egg-i18n/config/config.default.js",
    "start": 1636848934221,
    "end": 1636848934221,
    "duration": 0,
    "pid": 749,
    "index": 10
  },
  {
    "name": "Require(7) node_modules/egg-watcher/config/config.default.js",
    "start": 1636848934222,
    "end": 1636848934222,
    "duration": 0,
    "pid": 749,
    "index": 11
  },
  {
    "name": "Require(8) node_modules/egg-schedule/config/config.default.js",
    "start": 1636848934222,
    "end": 1636848934222,
    "duration": 0,
    "pid": 749,
    "index": 12
  },
  {
    "name": "Require(9) node_modules/egg-multipart/config/config.default.js",
    "start": 1636848934222,
    "end": 1636848934222,
    "duration": 0,
    "pid": 749,
    "index": 13
  },
  {
    "name": "Require(10) node_modules/egg-development/config/config.default.js",
    "start": 1636848934223,
    "end": 1636848934223,
    "duration": 0,
    "pid": 749,
    "index": 14
  },
  {
    "name": "Require(11) node_modules/egg-logrotator/config/config.default.js",
    "start": 1636848934223,
    "end": 1636848934223,
    "duration": 0,
    "pid": 749,
    "index": 15
  },
  {
    "name": "Require(12) node_modules/egg-static/config/config.default.js",
    "start": 1636848934223,
    "end": 1636848934223,
    "duration": 0,
    "pid": 749,
    "index": 16
  },
  {
    "name": "Require(13) node_modules/egg-view/config/config.default.js",
    "start": 1636848934223,
    "end": 1636848934223,
    "duration": 0,
    "pid": 749,
    "index": 17
  },
  {
    "name": "Require(14) node_modules/egg-view-ejs/config/config.default.js",
    "start": 1636848934224,
    "end": 1636848934224,
    "duration": 0,
    "pid": 749,
    "index": 18
  },
  {
    "name": "Require(15) node_modules/egg-mysql/config/config.default.js",
    "start": 1636848934224,
    "end": 1636848934224,
    "duration": 0,
    "pid": 749,
    "index": 19
  },
  {
    "name": "Require(16) node_modules/egg-cors/config/config.default.js",
    "start": 1636848934224,
    "end": 1636848934224,
    "duration": 0,
    "pid": 749,
    "index": 20
  },
  {
    "name": "Require(17) node_modules/egg-jwt/config/config.default.js",
    "start": 1636848934224,
    "end": 1636848934224,
    "duration": 0,
    "pid": 749,
    "index": 21
  },
  {
    "name": "Require(18) node_modules/egg/config/config.default.js",
    "start": 1636848934224,
    "end": 1636848934225,
    "duration": 1,
    "pid": 749,
    "index": 22
  },
  {
    "name": "Require(19) config/config.default.js",
    "start": 1636848934225,
    "end": 1636848934225,
    "duration": 0,
    "pid": 749,
    "index": 23
  },
  {
    "name": "Require(20) node_modules/egg-security/config/config.local.js",
    "start": 1636848934225,
    "end": 1636848934226,
    "duration": 1,
    "pid": 749,
    "index": 24
  },
  {
    "name": "Require(21) node_modules/egg-watcher/config/config.local.js",
    "start": 1636848934226,
    "end": 1636848934226,
    "duration": 0,
    "pid": 749,
    "index": 25
  },
  {
    "name": "Require(22) node_modules/egg-view/config/config.local.js",
    "start": 1636848934226,
    "end": 1636848934226,
    "duration": 0,
    "pid": 749,
    "index": 26
  },
  {
    "name": "Require(23) node_modules/egg-view-ejs/config/config.local.js",
    "start": 1636848934226,
    "end": 1636848934226,
    "duration": 0,
    "pid": 749,
    "index": 27
  },
  {
    "name": "Require(24) node_modules/egg/config/config.local.js",
    "start": 1636848934226,
    "end": 1636848934226,
    "duration": 0,
    "pid": 749,
    "index": 28
  },
  {
    "name": "Require(25) config/config.local.js",
    "start": 1636848934226,
    "end": 1636848934226,
    "duration": 0,
    "pid": 749,
    "index": 29
  },
  {
    "name": "Load extend/application.js",
    "start": 1636848934227,
    "end": 1636848934256,
    "duration": 29,
    "pid": 749,
    "index": 30
  },
  {
    "name": "Require(26) node_modules/egg-session/app/extend/application.js",
    "start": 1636848934227,
    "end": 1636848934228,
    "duration": 1,
    "pid": 749,
    "index": 31
  },
  {
    "name": "Require(27) node_modules/egg-security/app/extend/application.js",
    "start": 1636848934228,
    "end": 1636848934229,
    "duration": 1,
    "pid": 749,
    "index": 32
  },
  {
    "name": "Require(28) node_modules/egg-jsonp/app/extend/application.js",
    "start": 1636848934229,
    "end": 1636848934229,
    "duration": 0,
    "pid": 749,
    "index": 33
  },
  {
    "name": "Require(29) node_modules/egg-logrotator/app/extend/application.js",
    "start": 1636848934229,
    "end": 1636848934230,
    "duration": 1,
    "pid": 749,
    "index": 34
  },
  {
    "name": "Require(30) node_modules/egg-view/app/extend/application.js",
    "start": 1636848934230,
    "end": 1636848934230,
    "duration": 0,
    "pid": 749,
    "index": 35
  },
  {
    "name": "Require(31) node_modules/egg-jwt/app/extend/application.js",
    "start": 1636848934231,
    "end": 1636848934254,
    "duration": 23,
    "pid": 749,
    "index": 36
  },
  {
    "name": "Load extend/request.js",
    "start": 1636848934256,
    "end": 1636848934260,
    "duration": 4,
    "pid": 749,
    "index": 37
  },
  {
    "name": "Require(32) node_modules/egg/app/extend/request.js",
    "start": 1636848934258,
    "end": 1636848934259,
    "duration": 1,
    "pid": 749,
    "index": 38
  },
  {
    "name": "Load extend/response.js",
    "start": 1636848934260,
    "end": 1636848934263,
    "duration": 3,
    "pid": 749,
    "index": 39
  },
  {
    "name": "Require(33) node_modules/egg/app/extend/response.js",
    "start": 1636848934261,
    "end": 1636848934262,
    "duration": 1,
    "pid": 749,
    "index": 40
  },
  {
    "name": "Load extend/context.js",
    "start": 1636848934263,
    "end": 1636848934292,
    "duration": 29,
    "pid": 749,
    "index": 41
  },
  {
    "name": "Require(34) node_modules/egg-security/app/extend/context.js",
    "start": 1636848934264,
    "end": 1636848934267,
    "duration": 3,
    "pid": 749,
    "index": 42
  },
  {
    "name": "Require(35) node_modules/egg-jsonp/app/extend/context.js",
    "start": 1636848934267,
    "end": 1636848934267,
    "duration": 0,
    "pid": 749,
    "index": 43
  },
  {
    "name": "Require(36) node_modules/egg-i18n/app/extend/context.js",
    "start": 1636848934267,
    "end": 1636848934267,
    "duration": 0,
    "pid": 749,
    "index": 44
  },
  {
    "name": "Require(37) node_modules/egg-multipart/app/extend/context.js",
    "start": 1636848934268,
    "end": 1636848934289,
    "duration": 21,
    "pid": 749,
    "index": 45
  },
  {
    "name": "Require(38) node_modules/egg-view/app/extend/context.js",
    "start": 1636848934289,
    "end": 1636848934290,
    "duration": 1,
    "pid": 749,
    "index": 46
  },
  {
    "name": "Require(39) node_modules/egg/app/extend/context.js",
    "start": 1636848934290,
    "end": 1636848934291,
    "duration": 1,
    "pid": 749,
    "index": 47
  },
  {
    "name": "Load extend/helper.js",
    "start": 1636848934292,
    "end": 1636848934301,
    "duration": 9,
    "pid": 749,
    "index": 48
  },
  {
    "name": "Require(40) node_modules/egg-security/app/extend/helper.js",
    "start": 1636848934292,
    "end": 1636848934299,
    "duration": 7,
    "pid": 749,
    "index": 49
  },
  {
    "name": "Require(41) node_modules/egg/app/extend/helper.js",
    "start": 1636848934300,
    "end": 1636848934300,
    "duration": 0,
    "pid": 749,
    "index": 50
  },
  {
    "name": "Load app.js",
    "start": 1636848934301,
    "end": 1636848934330,
    "duration": 29,
    "pid": 749,
    "index": 51
  },
  {
    "name": "Require(42) node_modules/egg-session/app.js",
    "start": 1636848934301,
    "end": 1636848934302,
    "duration": 1,
    "pid": 749,
    "index": 52
  },
  {
    "name": "Require(43) node_modules/egg-security/app.js",
    "start": 1636848934302,
    "end": 1636848934303,
    "duration": 1,
    "pid": 749,
    "index": 53
  },
  {
    "name": "Require(44) node_modules/egg-onerror/app.js",
    "start": 1636848934303,
    "end": 1636848934306,
    "duration": 3,
    "pid": 749,
    "index": 54
  },
  {
    "name": "Require(45) node_modules/egg-i18n/app.js",
    "start": 1636848934306,
    "end": 1636848934315,
    "duration": 9,
    "pid": 749,
    "index": 55
  },
  {
    "name": "Require(46) node_modules/egg-watcher/app.js",
    "start": 1636848934317,
    "end": 1636848934318,
    "duration": 1,
    "pid": 749,
    "index": 56
  },
  {
    "name": "Require(47) node_modules/egg-schedule/app.js",
    "start": 1636848934318,
    "end": 1636848934319,
    "duration": 1,
    "pid": 749,
    "index": 57
  },
  {
    "name": "Require(48) node_modules/egg-multipart/app.js",
    "start": 1636848934319,
    "end": 1636848934319,
    "duration": 0,
    "pid": 749,
    "index": 58
  },
  {
    "name": "Require(49) node_modules/egg-development/app.js",
    "start": 1636848934319,
    "end": 1636848934320,
    "duration": 1,
    "pid": 749,
    "index": 59
  },
  {
    "name": "Require(50) node_modules/egg-logrotator/app.js",
    "start": 1636848934320,
    "end": 1636848934320,
    "duration": 0,
    "pid": 749,
    "index": 60
  },
  {
    "name": "Require(51) node_modules/egg-static/app.js",
    "start": 1636848934320,
    "end": 1636848934320,
    "duration": 0,
    "pid": 749,
    "index": 61
  },
  {
    "name": "Require(52) node_modules/egg-view-ejs/app.js",
    "start": 1636848934320,
    "end": 1636848934321,
    "duration": 1,
    "pid": 749,
    "index": 62
  },
  {
    "name": "Require(53) node_modules/egg-mysql/app.js",
    "start": 1636848934321,
    "end": 1636848934328,
    "duration": 7,
    "pid": 749,
    "index": 63
  },
  {
    "name": "Require(54) node_modules/egg-cors/app.js",
    "start": 1636848934329,
    "end": 1636848934329,
    "duration": 0,
    "pid": 749,
    "index": 64
  },
  {
    "name": "Require(55) node_modules/egg-jwt/app.js",
    "start": 1636848934329,
    "end": 1636848934329,
    "duration": 0,
    "pid": 749,
    "index": 65
  },
  {
    "name": "Require(56) app.js",
    "start": 1636848934330,
    "end": 1636848934330,
    "duration": 0,
    "pid": 749,
    "index": 66
  },
  {
    "name": "Before Start in node_modules/egg-watcher/lib/init.js:15:14",
    "start": 1636848934336,
    "end": 1636848934499,
    "duration": 163,
    "pid": 749,
    "index": 67
  },
  {
    "name": "Before Start in node_modules/egg-mysql/lib/mysql.js:20:7",
    "start": 1636848934396,
    "end": 1636848934503,
    "duration": 107,
    "pid": 749,
    "index": 68
  },
  {
    "name": "Before Start in app.js:5:9",
    "start": 1636848934396,
    "end": 1636848934526,
    "duration": 130,
    "pid": 749,
    "index": 69
  },
  {
    "name": "Load Service",
    "start": 1636848934396,
    "end": 1636848934412,
    "duration": 16,
    "pid": 749,
    "index": 70
  },
  {
    "name": "Load \"service\" to Context",
    "start": 1636848934396,
    "end": 1636848934412,
    "duration": 16,
    "pid": 749,
    "index": 71
  },
  {
    "name": "Load Middleware",
    "start": 1636848934412,
    "end": 1636848934473,
    "duration": 61,
    "pid": 749,
    "index": 72
  },
  {
    "name": "Load \"middlewares\" to Application",
    "start": 1636848934412,
    "end": 1636848934462,
    "duration": 50,
    "pid": 749,
    "index": 73
  },
  {
    "name": "Load Controller",
    "start": 1636848934473,
    "end": 1636848934475,
    "duration": 2,
    "pid": 749,
    "index": 74
  },
  {
    "name": "Load \"controller\" to Application",
    "start": 1636848934473,
    "end": 1636848934475,
    "duration": 2,
    "pid": 749,
    "index": 75
  },
  {
    "name": "Load Router",
    "start": 1636848934475,
    "end": 1636848934477,
    "duration": 2,
    "pid": 749,
    "index": 76
  },
  {
    "name": "Require(57) app/router.js",
    "start": 1636848934475,
    "end": 1636848934475,
    "duration": 0,
    "pid": 749,
    "index": 77
  },
  {
    "name": "Before Start in node_modules/egg-core/lib/egg.js:303:10",
    "start": 1636848934476,
    "end": 1636848934490,
    "duration": 14,
    "pid": 749,
    "index": 78
  }
]