[
  {
    "name": null,
    "methods": [
      "POST"
    ],
    "paramNames": [],
    "path": "/api",
    "regexp": "/^\\/api(?:\\/(?=$))?$/",
    "stack": [
      "wrappedController"
    ]
  },
  {
    "name": null,
    "methods": [
      "HEAD",
      "GET"
    ],
    "paramNames": [],
    "path": "/test",
    "regexp": "/^\\/test(?:\\/(?=$))?$/",
    "stack": [
      "wrappedController"
    ]
  },
  {
    "name": null,
    "methods": [
      "POST"
    ],
    "paramNames": [],
    "path": "/users/getUserInfo",
    "regexp": "/^\\/users\\/getUserInfo(?:\\/(?=$))?$/",
    "stack": [
      "wrappedController"
    ]
  },
  {
    "name": null,
    "methods": [
      "POST"
    ],
    "paramNames": [],
    "path": "/users/setLoginInfoFlag",
    "regexp": "/^\\/users\\/setLoginInfoFlag(?:\\/(?=$))?$/",
    "stack": [
      "jwt",
      "wrappedController"
    ]
  },
  {
    "name": null,
    "methods": [
      "HEAD",
      "GET"
    ],
    "paramNames": [],
    "path": "/users/checkHasUser",
    "regexp": "/^\\/users\\/checkHasUser(?:\\/(?=$))?$/",
    "stack": [
      "jwt",
      "wrappedController"
    ]
  },
  {
    "name": null,
    "methods": [
      "HEAD",
      "GET"
    ],
    "paramNames": [],
    "path": "/users/getUserDefaultInfo",
    "regexp": "/^\\/users\\/getUserDefaultInfo(?:\\/(?=$))?$/",
    "stack": [
      "jwt",
      "wrappedController"
    ]
  },
  {
    "name": null,
    "methods": [
      "HEAD",
      "GET"
    ],
    "paramNames": [],
    "path": "/users/getUserDefaultCategory",
    "regexp": "/^\\/users\\/getUserDefaultCategory(?:\\/(?=$))?$/",
    "stack": [
      "jwt",
      "wrappedController"
    ]
  },
  {
    "name": null,
    "methods": [
      "HEAD",
      "GET"
    ],
    "paramNames": [],
    "path": "/detail/getDetailDataList",
    "regexp": "/^\\/detail\\/getDetailDataList(?:\\/(?=$))?$/",
    "stack": [
      "jwt",
      "wrappedController"
    ]
  },
  {
    "name": null,
    "methods": [
      "POST"
    ],
    "paramNames": [],
    "path": "/bill/submitInfo",
    "regexp": "/^\\/bill\\/submitInfo(?:\\/(?=$))?$/",
    "stack": [
      "jwt",
      "wrappedController"
    ]
  },
  {
    "name": null,
    "methods": [
      "HEAD",
      "GET"
    ],
    "paramNames": [
      {
        "name": "id",
        "prefix": "/",
        "delimiter": "/",
        "optional": false,
        "repeat": false,
        "partial": false,
        "asterisk": false,
        "pattern": "[^\\/]+?"
      }
    ],
    "path": "/bill/submitInfo/:id",
    "regexp": "/^\\/bill\\/submitInfo\\/((?:[^\\/]+?))(?:\\/(?=$))?$/",
    "stack": [
      "jwt",
      "wrappedController"
    ]
  },
  {
    "name": null,
    "methods": [
      "PUT"
    ],
    "paramNames": [
      {
        "name": "id",
        "prefix": "/",
        "delimiter": "/",
        "optional": false,
        "repeat": false,
        "partial": false,
        "asterisk": false,
        "pattern": "[^\\/]+?"
      }
    ],
    "path": "/bill/submitInfo/:id",
    "regexp": "/^\\/bill\\/submitInfo\\/((?:[^\\/]+?))(?:\\/(?=$))?$/",
    "stack": [
      "jwt",
      "wrappedController"
    ]
  },
  {
    "name": null,
    "methods": [
      "DELETE"
    ],
    "paramNames": [
      {
        "name": "id",
        "prefix": "/",
        "delimiter": "/",
        "optional": false,
        "repeat": false,
        "partial": false,
        "asterisk": false,
        "pattern": "[^\\/]+?"
      }
    ],
    "path": "/bill/submitInfo/:id",
    "regexp": "/^\\/bill\\/submitInfo\\/((?:[^\\/]+?))(?:\\/(?=$))?$/",
    "stack": [
      "jwt",
      "wrappedController"
    ]
  },
  {
    "name": null,
    "methods": [
      "HEAD",
      "GET"
    ],
    "paramNames": [],
    "path": "/",
    "regexp": "/^(?:\\/(?=$))?$/",
    "stack": [
      "wrappedController"
    ]
  },
  {
    "name": null,
    "methods": [
      "HEAD",
      "GET"
    ],
    "paramNames": [],
    "path": "/rightSun",
    "regexp": "/^\\/rightSun(?:\\/(?=$))?$/",
    "stack": [
      "wrappedController"
    ]
  },
  {
    "name": null,
    "methods": [
      "HEAD",
      "GET"
    ],
    "paramNames": [],
    "path": "/rightSunPage",
    "regexp": "/^\\/rightSunPage(?:\\/(?=$))?$/",
    "stack": [
      "wrappedController"
    ]
  },
  {
    "name": null,
    "methods": [
      "HEAD",
      "GET"
    ],
    "paramNames": [],
    "path": "/my",
    "regexp": "/^\\/my(?:\\/(?=$))?$/",
    "stack": [
      "wrappedController"
    ]
  },
  {
    "name": null,
    "methods": [
      "HEAD",
      "GET"
    ],
    "paramNames": [],
    "path": "/getGirls",
    "regexp": "/^\\/getGirls(?:\\/(?=$))?$/",
    "stack": [
      "wrappedController"
    ]
  },
  {
    "name": null,
    "methods": [
      "HEAD",
      "GET"
    ],
    "paramNames": [],
    "path": "/getGirl",
    "regexp": "/^\\/getGirl(?:\\/(?=$))?$/",
    "stack": [
      "wrappedController"
    ]
  },
  {
    "name": null,
    "methods": [
      "HEAD",
      "GET"
    ],
    "paramNames": [
      {
        "name": "name",
        "prefix": "/",
        "delimiter": "/",
        "optional": false,
        "repeat": false,
        "partial": false,
        "asterisk": false,
        "pattern": "[^\\/]+?"
      }
    ],
    "path": "/getGirl2/:name",
    "regexp": "/^\\/getGirl2\\/((?:[^\\/]+?))(?:\\/(?=$))?$/",
    "stack": [
      "wrappedController"
    ]
  },
  {
    "name": null,
    "methods": [
      "POST"
    ],
    "paramNames": [],
    "path": "/add",
    "regexp": "/^\\/add(?:\\/(?=$))?$/",
    "stack": [
      "wrappedController"
    ]
  }
]